"Indicator","Year","Geography","Cases","Population","Rate_per_100000","Survive"
"HIV viral suppression","2015","Alaska",472,631,74801.9017432647,1
"AIDS deaths","2012","Minnesota",68,4454768,1.52645435183157,0
"Estimated HIV prevalence (undiagnosed and diagnosed)","2013","South Dakota",530,689329,76.8863634055727,1
"HIV viral suppression","2011","West Virginia",768,1702,45123.384253819,1
"AIDS diagnoses","2016","New Mexico",63,1732090,3.6372243936516,1
"Linkage to HIV care","2014","Massachusetts",535,597,89614.7403685092,1
"HIV deaths","2012","New Mexico",58,1712399,3.38706107630289,0
"HIV deaths","2014","Nevada",127,2354861,5.39309963518017,0
"HIV diagnoses","2016","Colorado",424,4623658,9.17022842087369,1
"HIV diagnoses","2016","Vermont",5,540970,0.924265670924451,1
"Estimated HIV incidence","2015","Arkansas",270,2468513,10.9377588856125,1
"Estimated HIV incidence","2013","Mississippi",350,2459638,14.2297362457402,1
"AIDS prevalence","2011","Idaho",470,1270172,37.0028626044347,1
"HIV diagnoses","2016","Utah",137,2373134,5.77295677361666,1
"AIDS deaths","2013","West Virginia",30,1579728,1.89906110419009,0
"AIDS deaths","2014","Virginia",237,6974763,3.39796492009836,0
"Estimated HIV incidence","2015","Tennessee",700,5519757,12.6817176915578,1
"HIV diagnoses","2011","District of Columbia",639,542504,117.787149956498,1
"HIV deaths","2010","Wisconsin",94,4739026,1.98352994898108,0
"HIV diagnoses","2013","Kansas",147,2367228,6.20979474727403,1
"AIDS diagnoses","2014","New Mexico",57,1721424,3.31121211276246,1
"HIV deaths","2014","Delaware",90,788729,11.4107633927496,0
"HIV deaths","2012","Wisconsin",87,4780955,1.81972011867922,0
"HIV deaths","2015","Maine",19,1149025,1.65357585779248,0
"HIV viral suppression","2010","Wyoming",131,251,52191.235059761,1
"AIDS diagnoses","2015","Montana",11,864884,1.27184686038821,1
"Estimated HIV prevalence (undiagnosed and diagnosed)","2013","Alaska",770,599340,128.474655454333,1
"Estimated HIV incidence","2013","Arizona",700,5453802,12.8350827551129,1
"HIV deaths","2016","Idaho",11,1366254,0.805121156095426,0
"HIV diagnoses","2011","Minnesota",298,4422739,6.73790608037237,1
"HIV diagnoses","2014","Utah",115,2273174,5.0590056018589,1
"AIDS diagnoses","2010","District of Columbia",461,530752,86.8578921982395,1
"AIDS deaths","2010","Massachusetts",230,5572005,4.12777806193641,0
"AIDS diagnoses","2015","South Dakota",16,697830,2.29282203401975,1
"AIDS diagnoses","2012","Arizona",304,5378403,5.65223543122373,1
"AIDS diagnoses","2014","New Hampshire",15,1144968,1.31008028171966,1
"AIDS deaths","2010","South Dakota",6,668096,0.898074528211515,0
"HIV viral suppression","2014","North Dakota",180,283,63604.2402826855,1
"AIDS deaths","2012","Utah",24,2191973,1.09490399744887,0
"HIV deaths","2011","Louisiana",475,3765886,12.6132336454157,0
"HIV prevalence","2012","North Dakota",243,585655,41.4920046785223,1
"HIV deaths","2016","Louisiana",407,3878702,10.4932010760301,0
"AIDS deaths","2016","Delaware",40,806323,4.96079114697212,0
"Diagnosed infection among persons living with HIV infection","2014","Alaska",619,790,78354.4303797468,1
"AIDS deaths","2014","Maine",15,1148612,1.30592401959931,0
"AIDS deaths","2011","Oklahoma",94,3102257,3.03005199117933,0
"HIV diagnoses","2012","Idaho",38,1283440,2.96079286916412,1
"HIV prevalence","2010","Wyoming",264,465005,56.7735830797518,1
"AIDS deaths","2016","Massachusetts",211,5857301,3.60234176116269,0
"AIDS diagnoses","2011","Oklahoma",169,3102257,5.44764666499262,1
"HIV deaths","2013","Massachusetts",271,5729059,4.73027071286925,0
"Estimated HIV prevalence (undiagnosed and diagnosed)","2012","Vermont",680,539253,126.100364763849,1
"Diagnosed infection among persons living with HIV infection","2012","Vermont",553,680,81323.5294117647,1
"AIDS diagnoses","2014","Alaska",14,600037,2.33318945331705,1
"HIV prevalence","2010","North Dakota",203,565669,35.8867111331892,1
"Estimated HIV prevalence (undiagnosed and diagnosed)","2010","Montana",620,830859,74.6215663548207,1
"AIDS diagnoses","2012","Minnesota",197,4454768,4.42222804868851,1
"AIDS diagnoses","2014","Nevada",207,2354861,8.79032775182909,1
"HIV deaths","2010","Hawaii",36,1143965,3.14694942590027,0
"Estimated HIV incidence","2010","Minnesota",340,4388505,7.74751310526022,1
"Diagnosed infection among persons living with HIV infection","2010","Vermont",455,650,70000,1
"Estimated HIV incidence","2014","Wisconsin",230,4825721,4.76612717560754,1
"AIDS deaths","2014","Missouri",134,5060710,2.64784980763569,0
"HIV diagnoses","2013","New Mexico",142,1718292,8.26402031785052,1
"HIV diagnoses","2011","Kentucky",309,3631865,8.5080254910356,1
"AIDS deaths","2011","Tennessee",243,5325877,4.56262884028302,0
"AIDS diagnoses","2016","Nevada",241,2450120,9.83625291822441,1
"HIV prevalence","2011","Wyoming",254,467965,54.2775634929963,1
"HIV diagnoses","2016","North Dakota",45,623781,7.21407032275751,1
"AIDS prevalence","2015","Alaska",364,601601,60.5052185751021,1
"HIV deaths","2010","Tennessee",380,5283191,7.19262279179382,0
"Estimated HIV incidence","2010","Arkansas",220,2407796,9.13698668824103,1
"HIV diagnoses","2011","Kansas",135,2339870,5.76955129985854,1
"HIV deaths","2011","Maryland",587,4881333,12.0254037165668,0
"Estimated HIV incidence","2011","New Mexico",130,1703445,7.63159362351001,1
"AIDS diagnoses","2011","Nevada",215,2242001,9.58964781906877,1
"Estimated HIV prevalence (undiagnosed and diagnosed)","2016","Montana",690,873851,78.9608297066662,1
"AIDS diagnoses","2010","Nevada",226,2223636,10.1635339596948,1
"HIV deaths","2016","Ohio",334,9768633,3.41910684944352,0
"AIDS diagnoses","2012","Alaska",18,593212,3.03432836827306,1
"HIV diagnoses","2012","Nevada",364,2278020,15.978788597115,1
"AIDS deaths","2010","Oregon",81,3217096,2.51779866065545,0
"Estimated HIV incidence","2014","Pennsylvania",820,10881315,7.53585389265911,1
"Estimated HIV incidence","2012","Nevada",400,2278020,17.5591083484781,1
"HIV deaths","2013","Hawaii",40,1180581,3.38816226925556,0
"Estimated HIV incidence","2013","Pennsylvania",980,10859773,9.0241296940553,1
"AIDS prevalence","2016","Alaska",382,604537,63.1888536185544,1
"HIV diagnoses","2010","Utah",83,2119512,3.91599575751399,1
"HIV deaths","2014","Utah",22,2273174,0.967809767312137,0
"AIDS deaths","2015","Kentucky",94,3696074,2.54323912345911,0
"AIDS deaths","2016","New Hampshire",12,1155262,1.03872541466784,0
"HIV deaths","2015","Alabama",279,4068194,6.85808002273245,0
"AIDS diagnoses","2014","New Jersey",696,7519847,9.25550745912783,1
"Linkage to HIV care","2012","New Hampshire",42,48,87500,1
"AIDS diagnoses","2013","Connecticut",221,3060996,7.21987222459618,1
"HIV deaths","2016","Tennessee",312,5574695,5.59671874425417,0
"AIDS diagnoses","2010","Vermont",8,537065,1.4895776116485,1
"HIV viral suppression","2011","New Hampshire",638,1094,58318.0987202925,1
"AIDS prevalence","2011","Maine",695,1140682,60.9284620954832,1
"HIV diagnoses","2016","Delaware",112,806323,13.8902152115219,1
"AIDS diagnoses","2010","Missouri",328,4976853,6.59051010749162,1
"HIV deaths","2010","Kentucky",121,3610626,3.35121942843152,0
"HIV diagnoses","2014","Minnesota",309,4526244,6.82685246310186,1
"AIDS diagnoses","2010","Mississippi",336,2429081,13.8323917563885,1
"HIV prevalence","2014","North Dakota",297,612861,48.4612334607684,1
"AIDS diagnoses","2011","Hawaii",52,1155219,4.50131100683074,1
"HIV diagnoses","2013","Massachusetts",673,5729059,11.7471298515166,1
"AIDS deaths","2012","South Dakota",7,681573,1.02703598880824,0
"AIDS diagnoses","2014","South Carolina",364,4047504,8.99319679486419,1
"Linkage to HIV care","2010","Nebraska",93,115,80869.5652173913,1
"HIV deaths","2010","Montana",11,830859,1.32393101597263,0
"AIDS deaths","2013","Delaware",62,778908,7.95986175517519,0
"AIDS deaths","2016","South Carolina",181,4172387,4.33804438562386,0
"HIV diagnoses","2012","Rhode Island",77,900877,8.54722675792589,1
"Estimated HIV incidence","2013","Nebraska",80,1526914,5.23932585594212,1
"HIV diagnoses","2015","Montana",19,864884,2.19682639521601,1
"AIDS deaths","2014","Hawaii",35,1189774,2.94173515306268,0
"AIDS diagnoses","2015","Nebraska",47,1549530,3.03317780230134,1
"AIDS diagnoses","2016","Massachusetts",271,5857301,4.62670434727531,1
"HIV deaths","2011","Oklahoma",122,3102257,3.93262066940295,0
"HIV viral suppression","2010","New Hampshire",577,1058,54536.8620037807,1
"AIDS deaths","2013","Indiana",150,5436250,2.75925500114969,0
"AIDS deaths","2012","Idaho",17,1283440,1.32456523094184,0
"HIV diagnoses","2013","Wyoming",16,481200,3.32502078137988,1
"HIV deaths","2013","New Hampshire",15,1136199,1.3201912693111,0
"AIDS deaths","2010","Georgia",744,7913606,9.40152946709755,0
"AIDS deaths","2011","Kentucky",93,3631865,2.56066786623401,0
"HIV diagnoses","2016","Nevada",512,2450120,20.8969356602942,1
"HIV diagnoses","2012","Iowa",116,2552221,4.54506094887551,1
"Estimated HIV prevalence (undiagnosed and diagnosed)","2015","Montana",680,864884,78.6232604603623,1
"Estimated HIV incidence","2013","Connecticut",320,3060996,10.4541136283746,1
"Estimated HIV incidence","2013","Tennessee",700,5422427,12.9093485260382,1
"Estimated HIV incidence","2010","Montana",30,830859,3.61072095265262,1
"HIV diagnoses","2010","Arkansas",233,2407796,9.67689953800073,1
"HIV diagnoses","2012","Mississippi",446,2448297,18.2167441286739,1
"Linkage to HIV care","2016","Mississippi",302,424,71226.4150943396,1
"Linkage to HIV care","2010","Minnesota",224,339,66076.6961651917,1
"AIDS deaths","2014","Wisconsin",78,4825721,1.61633878129299,0
"HIV diagnoses","2014","Rhode Island",89,906006,9.82333450330351,1
"Estimated HIV incidence","2012","Oregon",240,3277901,7.32175864981889,1
"HIV diagnoses","2016","Virginia",902,7071402,12.755603485702,1
"AIDS diagnoses","2015","Missouri",224,5077362,4.41173979716238,1
"AIDS diagnoses","2016","Connecticut",140,3069474,4.56104205476248,1
"HIV deaths","2012","Indiana",166,5398575,3.07488550219271,0
"Linkage to HIV care","2013","Colorado",396,521,76007.6775431862,1
"AIDS deaths","2010","Missouri",176,4976853,3.53637127719063,0
"Receipt of HIV medical care","2014","Montana",476,529,89981.0964083176,1
"AIDS prevalence","2014","Alaska",344,600037,57.3297979957903,1
"AIDS deaths","2013","Oklahoma",106,3158773,3.35573338128444,0
"AIDS diagnoses","2014","Kansas",67,2377002,2.8186766355266,1
"Estimated HIV incidence","2015","Oklahoma",280,3206824,8.7313803314432,1
"HIV diagnoses","2013","District of Columbia",496,563892,87.9601058358693,1
"Estimated HIV incidence","2016","Mississippi",250,2469611,10.123051768072,1
"HIV deaths","2015","Iowa",36,2593600,1.3880320789636,0
"AIDS diagnoses","2015","Kansas",61,2385243,2.55739142720469,1
"HIV diagnoses","2012","Delaware",137,769868,17.7952584079349,1
"AIDS prevalence","2012","South Dakota",188,681573,27.5832522708499,1
"HIV deaths","2010","Iowa",28,2526230,1.10837097176425,0
"Receipt of HIV medical care","2015","Wyoming",212,274,77372.2627737226,1
"HIV deaths","2010","Idaho",15,1257002,1.19331552376209,0
"AIDS deaths","2012","New Hampshire",16,1131406,1.41416962611123,0
"AIDS deaths","2016","Tennessee",236,5574695,4.23341546039739,0
"Estimated HIV incidence","2013","Nevada",420,2312316,18.1636073962209,1
"AIDS prevalence","2016","Idaho",553,1366254,40.4756363018882,1
"Linkage to HIV care","2010","New York",710,972,73045.2674897119,1
"HIV diagnoses","2010","Vermont",20,537065,3.72394402912124,1
"HIV diagnoses","2015","New Mexico",135,1724702,7.82743917499951,1
"Linkage to HIV care","2013","Alabama",406,647,62751.1591962906,1
"AIDS diagnoses","2011","Massachusetts",436,5622306,7.75482515537219,1
"HIV diagnoses","2013","Idaho",26,1300127,1.99980463447032,1
"Linkage to HIV care","2015","Louisiana",810,1114,72710.9515260323,1
"Estimated HIV incidence","2014","Missouri",440,5060710,8.69443220417688,1
"HIV viral suppression","2012","Alaska",375,640,58593.75,1
"HIV deaths","2016","Colorado",118,4623658,2.55209187184692,0
"Linkage to HIV care","2010","West Virginia",52,81,64197.5308641975,1
"HIV deaths","2010","New Hampshire",18,1120155,1.6069204708277,0
"HIV deaths","2015","Minnesota",99,4554270,2.17378416299429,0
"HIV deaths","2015","Oklahoma",143,3206824,4.45924066927278,0
"AIDS deaths","2012","Wisconsin",68,4780955,1.42230997781824,0
"AIDS diagnoses","2015","Virginia",425,7024377,6.05035862966922,1
"HIV diagnoses","2013","Rhode Island",78,902630,8.64141453308665,1
"HIV diagnoses","2016","New Hampshire",40,1155262,3.46241804889281,1
"HIV deaths","2013","Kentucky",119,3668917,3.24346394317451,0
"AIDS deaths","2012","New Mexico",42,1712399,2.45269940008141,0
"Linkage to HIV care","2015","Oregon",184,217,84792.6267281106,1
"HIV deaths","2012","Michigan",339,8296616,4.08600325723162,0
"HIV deaths","2016","Pennsylvania",583,10893026,5.35204818202031,0
"Receipt of HIV medical care","2015","South Dakota",262,491,53360.4887983707,1
"HIV deaths","2011","Iowa",37,2541088,1.45606921129847,0
"AIDS diagnoses","2012","Wisconsin",154,4780955,3.22111377329425,1
"HIV diagnoses","2012","Hawaii",83,1167381,7.10993240424506,1
"Linkage to HIV care","2013","Louisiana",877,1289,68037.2381691233,1
"HIV diagnoses","2013","Montana",22,850414,2.58697528497885,1
"AIDS deaths","2014","Indiana",140,5466855,2.56088738406268,0
"HIV deaths","2016","Maryland",487,5057308,9.62962904375213,0
"AIDS diagnoses","2014","Michigan",361,8356633,4.31992167180251,1
"Estimated HIV incidence","2015","Wisconsin",260,4839393,5.37257461834573,1
"AIDS diagnoses","2013","Kansas",78,2367228,3.29499313120663,1
"HIV prevalence","2016","Montana",592,873851,67.746103168618,1
"Linkage to HIV care","2015","Missouri",339,466,72746.7811158798,1
"AIDS deaths","2012","Kansas",39,2356682,1.65486900651,0
"HIV deaths","2012","Alabama",283,4017760,7.04372585719406,0
"Estimated HIV incidence","2010","West Virginia",50,1578906,3.16674963550712,1
"HIV diagnoses","2012","Montana",20,843142,2.37207967341207,1
"HIV deaths","2013","North Carolina",533,8209351,6.49259606514571,0
"HIV deaths","2010","District of Columbia",260,530752,48.9870975521524,0
"AIDS diagnoses","2011","Maine",24,1140682,2.10400444646273,1
"Estimated HIV incidence","2013","Missouri",480,5039740,9.52430085679023,1
"HIV deaths","2015","Kansas",52,2385243,2.18007138056793,0
"AIDS diagnoses","2010","South Carolina",575,3857589,14.9056833167038,1
"Estimated HIV incidence","2010","Alaska",40,577841,6.92231946158199,1
"AIDS diagnoses","2015","Ohio",460,9744573,4.72057626332113,1
"AIDS deaths","2013","Colorado",96,4361864,2.20089392975113,0
"AIDS diagnoses","2011","New Hampshire",24,1125165,2.13302049032809,1
"HIV deaths","2011","Wyoming",5,467965,1.06845597427158,0
"AIDS deaths","2015","Indiana",138,5486236,2.5153857763319,0
"HIV diagnoses","2015","Kentucky",340,3696074,9.19895002102231,1
"AIDS diagnoses","2016","South Dakota",21,704109,2.98249276745504,1
"HIV deaths","2013","Rhode Island",36,902630,3.98834516911691,0
"Estimated HIV incidence","2012","Utah",100,2191973,4.56209998937031,1
"Estimated HIV incidence","2015","Massachusetts",660,5821324,11.337626972833,1
"Receipt of HIV medical care","2014","South Dakota",232,455,50989.010989011,1
"AIDS diagnoses","2014","Minnesota",165,4526244,3.64540665505439,1
"AIDS deaths","2011","District of Columbia",228,542504,42.0273398905815,0
"Estimated HIV incidence","2012","Kentucky",320,3650251,8.76652043927938,1
"Diagnosed infection among persons living with HIV infection","2010","Idaho",873,1100,79363.6363636364,1
"Linkage to HIV care","2013","Iowa",101,123,82113.8211382114,1
"AIDS deaths","2014","Arkansas",99,2457419,4.02861701647135,0
"AIDS diagnoses","2016","Indiana",231,5511799,4.19100914238709,1
"AIDS deaths","2012","Indiana",142,5398575,2.63032374283955,0
"AIDS deaths","2010","Kentucky",97,3610626,2.68651474841205,0
"AIDS prevalence","2015","Vermont",346,540864,63.971719323157,1
"HIV diagnoses","2013","Indiana",474,5436250,8.71924580363302,1
"HIV diagnoses","2011","Hawaii",83,1155219,7.18478487628753,1
"Estimated HIV incidence","2011","Utah",120,2155085,5.56822584724036,1
"AIDS diagnoses","2011","New Jersey",823,7394876,11.129327929231,1
"Estimated HIV prevalence (undiagnosed and diagnosed)","2011","South Dakota",510,673668,75.7049466502788,1
"Estimated HIV incidence","2010","Rhode Island",120,897864,13.3650530592606,1
"HIV deaths","2014","Arkansas",124,2457419,5.0459445458833,0
"HIV deaths","2013","New Mexico",47,1718292,2.73527433055616,0
"AIDS diagnoses","2012","Utah",85,2191973,3.87778499096476,1
"Receipt of HIV medical care","2013","South Dakota",218,425,51294.1176470588,1
"AIDS deaths","2012","Mississippi",146,2448297,5.96332879548519,0
"HIV diagnoses","2010","Alaska",35,577841,6.05702952888424,1
"AIDS diagnoses","2013","Nebraska",62,1526914,4.06047753835514,1
"AIDS deaths","2012","Michigan",273,8296616,3.29049819830157,0
"HIV prevalence","2013","Vermont",605,540748,111.8820596655,1
"HIV diagnoses","2015","Mississippi",508,2465446,20.6047911817983,1
"Linkage to HIV care","2012","Iowa",95,115,82608.6956521739,1
"HIV diagnoses","2010","Iowa",114,2526230,4.51265324218302,1
"HIV deaths","2014","Colorado",150,4440457,3.37803068467953,0
"AIDS diagnoses","2010","Iowa",72,2526230,2.85009678453664,1
"AIDS deaths","2011","Maine",15,1140682,1.31500277903921,0
"AIDS deaths","2010","Vermont",13,537065,2.42056361892881,0
"HIV deaths","2014","North Dakota",7,612861,1.1421839536208,0
"AIDS deaths","2013","Alabama",186,4039299,4.60475939018132,0
"HIV deaths","2015","Maryland",555,5034408,11.0241363036131,0
"AIDS deaths","2011","Louisiana",407,3765886,10.8075496709141,0
"AIDS deaths","2014","Alaska",10,600037,1.66656389522646,0
"HIV deaths","2012","Colorado",113,4285239,2.63695910543146,0
"AIDS deaths","2016","Missouri",160,5097999,3.13848629628998,0
"Estimated HIV incidence","2011","Arkansas",240,2425135,9.8963562853202,1
"Estimated HIV prevalence (undiagnosed and diagnosed)","2014","Vermont",700,541223,129.336705941913,1
"HIV viral suppression","2012","Maine",523,1281,40827.4785323966,1
"HIV deaths","2016","Minnesota",70,4592132,1.52434642558184,0
"AIDS prevalence","2016","North Dakota",183,623781,29.3372193125472,1
"AIDS diagnoses","2013","Tennessee",613,5422427,11.3049009235164,1
"Linkage to HIV care","2015","Virginia",708,965,73367.8756476684,1
"AIDS deaths","2015","Wyoming",1,483595,0.206784602818474,0
"Estimated HIV incidence","2016","Washington",380,6099325,6.23019760383321,1
"HIV diagnoses","2014","Hawaii",99,1189774,8.3209080043773,1
"AIDS deaths","2010","North Dakota",5,565669,0.883909141211557,0
"Linkage to HIV care","2016","Maine",46,51,90196.0784313725,1
"AIDS diagnoses","2014","Oregon",132,3346077,3.94491818329345,1
"Estimated HIV incidence","2016","Indiana",470,5511799,8.5271614585365,1
"Receipt of HIV medical care","2015","Montana",494,555,89009.009009009,1
"HIV deaths","2015","Rhode Island",26,908422,2.86210593754885,0
"AIDS deaths","2016","Oklahoma",89,3223860,2.76066578573511,0
"AIDS diagnoses","2016","Vermont",7,540970,1.29397193929423,1
"HIV prevalence","2010","Vermont",460,537065,85.6507126697886,1
"HIV deaths","2014","Vermont",3,541223,0.554300168322484,0
"HIV deaths","2011","Indiana",199,5370993,3.70508768117925,0
"AIDS deaths","2014","West Virginia",28,1576483,1.77610541946853,0
"Linkage to HIV care","2012","District of Columbia",495,618,80097.0873786408,1
"Estimated HIV incidence","2011","Indiana",450,5370993,8.37833897754103,1
"AIDS diagnoses","2012","Nevada",228,2278020,10.0086917586325,1
"HIV viral suppression","2013","Alaska",412,644,63975.1552795031,1
"Linkage to HIV care","2014","South Dakota",21,28,75000,1
"HIV diagnoses","2014","Ohio",953,9724737,9.7997508827231,1
"HIV diagnoses","2016","Maine",53,1152447,4.59890997156485,1
"AIDS diagnoses","2015","North Dakota",14,624331,2.24240026524392,1
"HIV prevalence","2010","Montana",421,830859,50.670450702225,1
"AIDS diagnoses","2016","Utah",47,2373134,1.98050341868601,1
"Estimated HIV incidence","2012","Hawaii",100,1167381,8.56618361957236,1
"AIDS deaths","2015","North Carolina",405,8409656,4.81589258823429,0
"HIV deaths","2015","Hawaii",32,1197429,2.67239226709893,0
"AIDS deaths","2016","Maryland",395,5057308,7.81047940920347,0
"AIDS diagnoses","2016","Arkansas",110,2481454,4.43288491344188,1
"Linkage to HIV care","2012","Utah",94,112,83928.5714285714,1
"HIV deaths","2010","Delaware",77,753057,10.2249896090203,0
"AIDS deaths","2014","Louisiana",341,3843470,8.87219101489019,0
"AIDS deaths","2010","Ohio",219,9610755,2.27869714710239,0
"Estimated HIV incidence","2011","Delaware",100,761138,13.1382219781433,1
"Receipt of HIV medical care","2011","North Dakota",104,203,51231.5270935961,1
"AIDS deaths","2010","Utah",21,2119512,0.990794107322818,0
"Linkage to HIV care","2015","South Carolina",574,671,85543.9642324888,1
"HIV diagnoses","2013","Oklahoma",331,3158773,10.478752350992,1
"Estimated HIV prevalence (undiagnosed and diagnosed)","2011","Alaska",740,584770,126.545479419259,1
"HIV deaths","2014","Rhode Island",37,906006,4.08385816429472,0
"AIDS deaths","2015","Nebraska",22,1549530,1.41978535426871,0
"HIV deaths","2010","South Dakota",12,668096,1.79614905642303,0
"HIV deaths","2016","Utah",46,2373134,1.93836504807567,0
"AIDS diagnoses","2014","Massachusetts",300,5781103,5.18932113819802,1
"HIV diagnoses","2014","Michigan",783,8356633,9.36980240726139,1
"AIDS deaths","2013","Maine",24,1145551,2.09506167774285,0
"AIDS diagnoses","2015","Rhode Island",34,908422,3.74275391833311,1
"Linkage to HIV care","2014","North Dakota",16,22,72727.2727272727,1
"HIV diagnoses","2014","Kansas",129,2377002,5.42700426840196,1
"HIV diagnoses","2011","Oregon",241,3247468,7.42116627477161,1
"HIV viral suppression","2015","North Dakota",222,317,70031.5457413249,1
"HIV viral suppression","2015","New Hampshire",843,1194,70603.0150753769,1
"HIV diagnoses","2013","South Carolina",707,3990446,17.7173178135978,1
"HIV diagnoses","2012","Maine",48,1143304,4.19835844184924,1
"HIV diagnoses","2014","Wyoming",10,481715,2.07591625753817,1
"Linkage to HIV care","2015","New Mexico",109,135,80740.7407407407,1
"AIDS diagnoses","2016","Nebraska",35,1562254,2.24035272113242,1
"AIDS diagnoses","2010","West Virginia",45,1578906,2.85007467195641,1
"Estimated HIV incidence","2013","Michigan",700,8326436,8.40695827122192,1
"AIDS deaths","2012","West Virginia",32,1581159,2.02383188534486,0
"Estimated HIV incidence","2015","Kentucky",340,3696074,9.19895002102231,1
"Estimated HIV incidence","2014","Hawaii",100,1189774,8.40495758017909,1
"Linkage to HIV care","2014","Washington",375,435,86206.8965517241,1
"AIDS diagnoses","2014","Connecticut",174,3067003,5.67329083147294,1
"HIV deaths","2010","Georgia",916,7913606,11.575001333147,0
"HIV diagnoses","2012","South Dakota",25,681573,3.66798567431515,1
"AIDS deaths","2016","Rhode Island",30,911021,3.29300861341286,0
"Linkage to HIV care","2016","New Hampshire",36,43,83720.9302325581,1
"AIDS deaths","2013","Missouri",154,5039740,3.05571319155353,0
"AIDS diagnoses","2011","Michigan",469,8267086,5.67309932423589,1
"HIV diagnoses","2013","Connecticut",328,3060996,10.7154664690839,1
"HIV deaths","2013","Kansas",57,2367228,2.40787959588177,0
"AIDS diagnoses","2013","South Dakota",13,689329,1.88589193258952,1
"AIDS diagnoses","2015","West Virginia",34,1570163,2.16538028217453,1
"AIDS diagnoses","2010","Oklahoma",134,3079742,4.35101381869001,1
"AIDS deaths","2013","Idaho",11,1300127,0.846071191506676,0
"AIDS diagnoses","2016","Pennsylvania",541,10893026,4.96648038846139,1
"Receipt of HIV medical care","2012","North Dakota",111,232,47844.8275862069,1
"AIDS prevalence","2013","Wyoming",149,481200,30.9642560266002,1
"AIDS deaths","2014","South Carolina",276,4047504,6.81901734995197,0
"AIDS deaths","2015","Arizona",174,5638026,3.08618654827062,0
"AIDS diagnoses","2013","North Carolina",845,8209351,10.2931401032798,1
"Receipt of HIV medical care","2014","Alaska",513,593,86509.2748735245,1
"AIDS deaths","2012","Nevada",137,2278020,6.01399460935374,0
"Estimated HIV incidence","2015","Missouri",400,5077362,7.87810678064712,1
"HIV prevalence","2014","Alaska",623,600037,103.826930672609,1
"HIV deaths","2015","Georgia",835,8413989,9.92394927067292,0
"Estimated HIV prevalence (undiagnosed and diagnosed)","2011","Montana",640,836747,76.4866799641947,1
"HIV diagnoses","2012","Tennessee",852,5379627,15.8375292562105,1
"Linkage to HIV care","2013","Utah",83,105,79047.6190476191,1
"AIDS deaths","2011","Wyoming",4,467965,0.854764779417264,0
"HIV diagnoses","2010","Oklahoma",287,3079742,9.3189624325674,1
"Estimated HIV prevalence (undiagnosed and diagnosed)","2010","Vermont",650,537065,121.02818094644,1
"HIV deaths","2012","Kentucky",118,3650251,3.23265441198427,0
"HIV deaths","2011","Arizona",195,5298184,3.68050637727946,0
"HIV diagnoses","2015","West Virginia",72,1570163,4.58551118578135,1
"Diagnosed infection among persons living with HIV infection","2011","Alaska",663,740,89594.5945945946,1
"HIV diagnoses","2013","Oregon",229,3306626,6.92548839814361,1
"AIDS diagnoses","2016","Arizona",293,5739578,5.10490492506592,1
"AIDS prevalence","2010","West Virginia",909,1578906,57.5715083735194,1
"AIDS diagnoses","2015","Alabama",347,4068194,8.5295833974486,1
"HIV deaths","2012","Georgia",843,8115382,10.3876810728072,0
"AIDS prevalence","2011","South Dakota",176,673668,26.1256286479393,1
"Estimated HIV prevalence (undiagnosed and diagnosed)","2014","North Dakota",420,612861,68.5310372172483,1
"AIDS deaths","2011","South Dakota",5,673668,0.742205359316459,0
"AIDS diagnoses","2011","Oregon",165,3247468,5.08088147442869,1
"HIV diagnoses","2016","Nebraska",76,1562254,4.86476590874467,1
"Diagnosed infection among persons living with HIV infection","2012","Idaho",958,1100,87090.9090909091,1
"HIV deaths","2015","Kentucky",124,3696074,3.35491118413755,0
"AIDS diagnoses","2013","Virginia",461,6917436,6.66431897599053,1
"HIV deaths","2011","Delaware",71,761138,9.32813760448171,0
"Estimated HIV incidence","2014","New Mexico",140,1721424,8.13280168046919,1
"Estimated HIV incidence","2010","Hawaii",80,1143965,6.99322094644504,1
"Estimated HIV incidence","2013","Rhode Island",100,902630,11.0787365808803,1
"AIDS deaths","2014","South Dakota",6,694682,0.863704543949606,0
"AIDS prevalence","2013","New Hampshire",626,1136199,55.0959823059165,1
"Linkage to HIV care","2010","South Dakota",667,780,85512.8205128205,1
"AIDS diagnoses","2010","Alabama",244,3980748,6.12950128970736,1
"HIV deaths","2012","South Carolina",317,3940769,8.04411524755701,0
"AIDS deaths","2011","Nevada",111,2242001,4.9509344554262,0
"AIDS deaths","2014","Illinois",426,10755437,3.96078746033285,0
"AIDS deaths","2014","Connecticut",163,3067003,5.31463451454074,0
"AIDS diagnoses","2015","Nevada",208,2400349,8.66540657212764,1
"AIDS deaths","2015","Colorado",102,4534027,2.24965576958408,0
"HIV deaths","2014","Oregon",103,3346077,3.0782316127214,0
"AIDS diagnoses","2012","Massachusetts",436,5673581,7.68474090702151,1
"AIDS diagnoses","2014","Idaho",16,1320052,1.21207346377264,1
"HIV deaths","2016","Wyoming",5,483174,1.03482389366978,0
"Linkage to HIV care","2014","Maine",49,55,89090.9090909091,1
"HIV deaths","2012","Montana",5,843142,0.593019918353018,0
"AIDS deaths","2015","Washington",119,5987188,1.98757747376565,0
"AIDS diagnoses","2011","Louisiana",782,3765886,20.7653657067686,1
"HIV deaths","2013","Pennsylvania",638,10859773,5.87489259674212,0
"AIDS deaths","2013","Montana",12,850414,1.41107742817028,0
"AIDS prevalence","2012","Montana",300,843142,35.5811951011811,1
"AIDS prevalence","2015","Idaho",523,1338097,39.0853577879631,1
"HIV deaths","2015","Delaware",68,797759,8.52387751188015,0
"Estimated HIV incidence","2010","Delaware",110,753057,14.6071280128861,1
"HIV viral suppression","2013","New Hampshire",809,1151,70286.7072111208,1
"HIV viral suppression","2016","Montana",566,451,125498.89135255,1
"AIDS diagnoses","2016","South Carolina",366,4172387,8.77195715546041,1
"HIV diagnoses","2011","Montana",22,836747,2.62922962376919,1
"Estimated HIV incidence","2016","New Mexico",170,1732090,9.81473249080591,1
"AIDS deaths","2011","Hawaii",32,1155219,2.77003754266507,0
"AIDS deaths","2011","Oregon",86,3247468,2.64821701091435,0
"AIDS diagnoses","2014","Hawaii",45,1189774,3.78223091108059,1
"HIV diagnoses","2010","Delaware",128,753057,16.9973853240857,1
"AIDS deaths","2016","Arizona",172,5739578,2.99673599696702,0
"AIDS prevalence","2016","Wyoming",175,483174,36.2188362784421,1
"HIV viral suppression","2012","South Dakota",157,392,40051.0204081633,1
"Estimated HIV incidence","2015","Washington",490,5987188,8.18414253903502,1
"HIV deaths","2014","Alaska",12,600037,1.99987667427175,0
"Estimated HIV incidence","2015","Iowa",130,2593600,5.01233806292412,1
"Estimated HIV incidence","2016","Pennsylvania",860,10893026,7.89495958239703,1
"HIV deaths","2012","District of Columbia",231,553514,41.7333617577875,0
"HIV diagnoses","2016","Michigan",745,8395134,8.87418830956123,1
"HIV deaths","2015","Illinois",547,10755565,5.08573933586938,0
"HIV diagnoses","2014","Iowa",94,2582097,3.64045192725138,1
"HIV deaths","2012","New Jersey",657,7440901,8.82957588066284,0
"Diagnosed infection among persons living with HIV infection","2014","Vermont",633,700,90428.5714285714,1
"Linkage to HIV care","2013","South Dakota",28,34,82352.9411764706,1
"AIDS diagnoses","2016","Minnesota",133,4592132,2.8962582086055,1
"AIDS deaths","2010","Washington",130,5606748,2.31863461671543,0
"AIDS diagnoses","2016","Hawaii",33,1200922,2.74788870551127,1
"AIDS diagnoses","2016","Alaska",22,604537,3.63914863771779,1
"HIV diagnoses","2013","Alaska",23,599340,3.83755464344112,1
"AIDS diagnoses","2015","Wyoming",6,483595,1.24070761691084,1
"AIDS deaths","2014","Pennsylvania",502,10881315,4.61341299282302,0
"AIDS deaths","2016","Georgia",611,8524191,7.16783563390356,0
"Linkage to HIV care","2014","Missouri",328,472,69491.5254237288,1
"Diagnosed infection among persons living with HIV infection","2016","Vermont",652,690,94492.7536231884,1
"Linkage to HIV care","2015","Michigan",537,724,74171.270718232,1
"Linkage to HIV care","2014","Louisiana",896,1220,73442.6229508197,1
"Estimated HIV incidence","2016","Oregon",200,3461574,5.77771845986826,1
"Receipt of HIV medical care","2010","Delaware",911,3009,30275.839149219,1
"Linkage to HIV care","2014","Nebraska",68,88,77272.7272727273,1
"HIV deaths","2012","Arkansas",90,2436315,3.69410359497848,0
"AIDS diagnoses","2010","Virginia",621,6693811,9.27722638120497,1
"Linkage to HIV care","2015","Montana",15,18,83333.3333333333,1
"Estimated HIV incidence","2013","West Virginia",70,1579728,4.43114257644354,1
"AIDS deaths","2011","West Virginia",31,1580445,1.96147287631015,0
"AIDS deaths","2010","Wyoming",7,465005,1.50536015741766,0
"Estimated HIV incidence","2012","Indiana",480,5398575,8.89123518706325,1
"Linkage to HIV care","2012","North Dakota",9,11,81818.1818181818,1
"AIDS diagnoses","2015","Utah",52,2317137,2.2441487059246,1
"HIV deaths","2014","New Jersey",666,7519847,8.85656317209645,0
"HIV deaths","2013","Idaho",14,1300127,1.07681788009941,0
"HIV deaths","2011","Washington",170,5677833,2.99410003781372,0
"AIDS prevalence","2014","Vermont",336,541223,62.0816188521183,1
"Estimated HIV incidence","2010","Iowa",90,2526230,3.5626209806708,1
"Estimated HIV incidence","2010","Wisconsin",260,4739026,5.48635943335192,1
"HIV diagnoses","2015","Indiana",632,5486236,11.5197377582736,1
"HIV diagnoses","2012","Arizona",627,5378403,11.6577355768989,1
"Linkage to HIV care","2015","Wyoming",11,17,64705.8823529412,1
"Estimated HIV prevalence (undiagnosed and diagnosed)","2010","South Dakota",510,668096,76.3363348979787,1
"HIV deaths","2013","Utah",44,2234986,1.96869242133955,0
"AIDS deaths","2016","Colorado",92,4623658,1.98976654415184,0
"AIDS diagnoses","2012","Mississippi",287,2448297,11.7224340020839,1
"AIDS diagnoses","2012","Indiana",292,5398575,5.40883473879681,1
"AIDS diagnoses","2010","Tennessee",640,5283191,12.113891017758,1
"HIV diagnoses","2015","Alaska",25,601601,4.15557819883943,1
"AIDS diagnoses","2010","Arkansas",153,2407796,6.3543589240949,1
"AIDS diagnoses","2010","Idaho",49,1257002,3.89816404428951,1
"HIV deaths","2015","Vermont",5,540864,0.924446811028281,0
"HIV deaths","2011","Rhode Island",46,898473,5.11979770121083,0
"HIV viral suppression","2016","Alaska",654,501,130538.922155689,1
"HIV diagnoses","2011","Nebraska",80,1504195,5.31845937528047,1
"HIV deaths","2012","Ohio",353,9654084,3.65648361874622,0
"Estimated HIV incidence","2010","Ohio",950,9610755,9.88475931391446,1
"AIDS diagnoses","2011","South Carolina",576,3895056,14.7879773743946,1
"Estimated HIV incidence","2012","Washington",490,5745374,8.52860057500173,1
"Estimated HIV incidence","2012","Wisconsin",240,4780955,5.01991756877026,1
"AIDS deaths","2010","Hawaii",33,1143965,2.88470364040858,0
"AIDS diagnoses","2014","Oklahoma",161,3181749,5.06011002124932,1
"AIDS prevalence","2013","Montana",319,850414,37.5111416321933,1
"AIDS deaths","2016","Illinois",394,10753151,3.66404228862777,0
"AIDS prevalence","2010","Idaho",446,1257002,35.4812482398596,1
"AIDS diagnoses","2012","Pennsylvania",873,10834303,8.05774030872129,1
"HIV diagnoses","2010","Wisconsin",252,4739026,5.31754837386416,1
"AIDS diagnoses","2015","Colorado",190,4534027,4.19053525706838,1
"HIV deaths","2010","Oklahoma",109,3079742,3.53925750923292,0
"HIV deaths","2012","Tennessee",343,5379627,6.37590673108005,0
"Linkage to HIV care","2015","Maryland",975,1220,79918.0327868852,1
"HIV deaths","2014","South Dakota",9,694682,1.29555681592441,0
"HIV deaths","2011","Mississippi",210,2439026,8.60999431740375,0
"Estimated HIV incidence","2013","Oklahoma",310,3158773,9.81393724715261,1
"AIDS prevalence","2014","New Hampshire",641,1144968,55.9840973721536,1
"AIDS deaths","2011","North Carolina",373,8010271,4.65652160832012,0
"HIV diagnoses","2016","Oregon",223,3461574,6.44215608275311,1
"HIV deaths","2013","South Carolina",321,3990446,8.04421360419362,0
"Estimated HIV incidence","2016","Arkansas",260,2481454,10.4777279772263,1
"Estimated HIV prevalence (undiagnosed and diagnosed)","2015","Wyoming",350,483595,72.374610986466,1
"HIV diagnoses","2015","Maine",46,1149025,4.00339418202389,1
"AIDS diagnoses","2014","District of Columbia",202,571547,35.3426752305585,1
"HIV deaths","2015","North Carolina",559,8409656,6.64712088104436,0
"Linkage to HIV care","2016","South Dakota",38,41,92682.9268292683,1
"HIV deaths","2011","Idaho",15,1270172,1.18094242354579,0
"Estimated HIV incidence","2015","Kansas",130,2385243,5.45017845141983,1
"Estimated HIV incidence","2011","Ohio",900,9633021,9.34286346931041,1
"HIV deaths","2015","Louisiana",426,3864041,11.0247277396901,0
"AIDS diagnoses","2013","Maryland",872,4970602,17.5431466852506,1
"HIV deaths","2013","Alabama",243,4039299,6.01589533233366,0
"Estimated HIV incidence","2013","Indiana",480,5436250,8.82961600367901,1
"AIDS diagnoses","2015","Hawaii",43,1197429,3.59102710891418,1
"Estimated HIV incidence","2013","Louisiana",970,3821508,25.3826499905273,1
"HIV deaths","2016","North Dakota",4,623781,0.641250695356223,0
"AIDS diagnoses","2016","Michigan",378,8395134,4.50260829666328,1
"HIV deaths","2012","Massachusetts",270,5673581,4.75889918554084,0
"AIDS diagnoses","2015","Tennessee",339,5519757,6.14157471062585,1
"HIV deaths","2010","Minnesota",79,4388505,1.80015745681046,0
"AIDS deaths","2010","Nebraska",26,1494417,1.73980890206683,0
"HIV deaths","2011","Hawaii",41,1155219,3.54911060153962,0
"AIDS diagnoses","2015","Vermont",12,540864,2.21867234646787,1
"HIV diagnoses","2016","Oklahoma",293,3223860,9.08848399124031,1
"HIV deaths","2014","Montana",10,857479,1.16620931824569,0
"Estimated HIV incidence","2011","Massachusetts",730,5622306,12.98399624638,1
"Estimated HIV incidence","2013","Arkansas",240,2447207,9.80709845959087,1
"AIDS diagnoses","2013","Alaska",16,599340,2.66960323021991,1
"HIV deaths","2014","South Carolina",330,4047504,8.15317291842083,0
"AIDS deaths","2012","New Jersey",537,7440901,7.2168679572541,0
"AIDS deaths","2010","Colorado",116,4152263,2.79365733817921,0
"HIV diagnoses","2012","Indiana",494,5398575,9.15056288001926,1
"Linkage to HIV care","2016","Nebraska",56,76,73684.2105263158,1
"HIV diagnoses","2012","South Carolina",699,3940769,17.7376547572314,1
"HIV deaths","2010","Arizona",202,5229294,3.86285414436442,0
"AIDS diagnoses","2015","Arkansas",129,2468513,5.22581813423709,1
"AIDS deaths","2011","New Hampshire",13,1125165,1.15538609892771,0
"HIV diagnoses","2016","Washington",428,6099325,7.01716993273846,1
"AIDS diagnoses","2013","Delaware",96,778908,12.3249472338197,1
"AIDS diagnoses","2014","Wyoming",4,481715,0.830366503015268,1
"HIV prevalence","2014","Montana",541,857479,63.0919241170921,1
"AIDS deaths","2015","Iowa",29,2593600,1.11813695249846,0
"HIV deaths","2010","Massachusetts",283,5572005,5.07896170229567,0
"AIDS diagnoses","2016","Delaware",71,806323,8.80540428587551,1
"Estimated HIV prevalence (undiagnosed and diagnosed)","2014","Wyoming",340,481715,70.5811527562978,1
"HIV diagnoses","2016","Alaska",37,604537,6.12038634525265,1
"HIV deaths","2010","Virginia",321,6693811,4.79547450622672,0
"Estimated HIV incidence","2016","Virginia",760,7071402,10.7475151320771,1
"HIV deaths","2011","Wisconsin",98,4759707,2.05895026731687,0
"HIV diagnoses","2016","Arkansas",310,2481454,12.4926756651544,1
"HIV diagnoses","2014","Alabama",673,4056640,16.5900844048276,1
"Estimated HIV incidence","2013","South Carolina",680,3990446,17.0407017160488,1
"HIV deaths","2016","Georgia",772,8524191,9.05657792041497,0
"HIV diagnoses","2011","Iowa",114,2541088,4.48626729967636,1
"HIV deaths","2013","North Dakota",6,601826,0.996965900442985,0
"Receipt of HIV medical care","2013","Maine",991,1322,74962.1785173979,1
"HIV deaths","2014","New Hampshire",13,1144968,1.13540291082371,0
"HIV deaths","2013","Arizona",221,5453802,4.0522189841142,0
"AIDS deaths","2016","South Dakota",4,704109,0.568093860467626,0
"AIDS diagnoses","2010","North Carolina",798,7922882,10.072092453226,1
"HIV prevalence","2015","Wyoming",290,483595,59.9675348173575,1
"AIDS diagnoses","2016","West Virginia",43,1561944,2.75297962026808,1
"HIV diagnoses","2016","South Dakota",40,704109,5.68093860467626,1
"HIV deaths","2016","South Carolina",212,4172387,5.08102436327215,0
"HIV diagnoses","2011","Idaho",35,1270172,2.75553232160684,1
"AIDS deaths","2016","New Jersey",475,7571409,6.27360112232743,0
"HIV diagnoses","2013","Kentucky",354,3668917,9.64862383095611,1
"AIDS deaths","2012","Virginia",258,6845408,3.76894992964627,0
"AIDS deaths","2016","Arkansas",57,2481454,2.29704036423806,0
"Estimated HIV incidence","2011","Washington",450,5677833,7.92555892362456,1
"Estimated HIV prevalence (undiagnosed and diagnosed)","2012","Montana",650,843142,77.0925893858923,1
"Estimated HIV incidence","2016","Alabama",620,4079233,15.1989356822716,1
"HIV diagnoses","2010","Rhode Island",115,897864,12.8081758484581,1
"HIV prevalence","2011","Alaska",667,584770,114.061938881954,1
"Estimated HIV incidence","2012","Mississippi",350,2448297,14.2956512220535,1
"HIV deaths","2010","Rhode Island",38,897864,4.2322668020992,0
"HIV viral suppression","2013","Maine",841,1322,63615.7337367625,1
"HIV deaths","2010","Wyoming",8,465005,1.72041160847733,0
"HIV deaths","2011","New Mexico",51,1703445,2.99393288306931,0
"HIV deaths","2011","District of Columbia",279,542504,51.4281922345273,0
"Estimated HIV incidence","2010","South Carolina",710,3857589,18.4052785301907,1
"AIDS deaths","2013","North Dakota",4,601826,0.664643933628657,0
"AIDS deaths","2015","South Carolina",233,4109574,5.66968741772262,0
"AIDS deaths","2010","Arizona",170,5229294,3.25091685416808,0
"HIV diagnoses","2015","New Hampshire",25,1148686,2.17639981683419,1
"Estimated HIV incidence","2015","Indiana",710,5486236,12.941477544896,1
"AIDS deaths","2015","New Jersey",524,7544822,6.94516053526511,0
"AIDS diagnoses","2010","Wisconsin",141,4739026,2.97529492347162,1
"HIV deaths","2012","Washington",151,5745374,2.62820140168421,0
"Estimated HIV incidence","2014","Tennessee",740,5471520,13.5245781793725,1
"Estimated HIV incidence","2016","Michigan",660,8395134,7.86169702592001,1
"Linkage to HIV care","2013","Arkansas",179,291,61512.0274914089,1
"HIV prevalence","2013","South Dakota",440,689329,63.8301884876452,1
"HIV deaths","2011","Oregon",101,3247468,3.1101153267715,0
"Estimated HIV incidence","2013","Massachusetts",760,5729059,13.265703844209,1
"HIV diagnoses","2013","Arkansas",263,2447207,10.7469453953017,1
"HIV diagnoses","2014","Alaska",38,600037,6.33294280186055,1
"AIDS diagnoses","2015","Michigan",354,8371987,4.22838688115498,1
"HIV deaths","2014","Maryland",596,5005217,11.9075756355818,0
"Linkage to HIV care","2016","Wisconsin",193,230,83913.0434782609,1
"HIV viral suppression","2014","Alaska",426,593,71838.1112984823,1
"Linkage to HIV care","2013","Indiana",288,482,59751.0373443983,1
"HIV prevalence","2014","South Dakota",482,694682,69.3842650306183,1
"AIDS deaths","2011","Indiana",169,5370993,3.14653174934318,0
"Estimated HIV incidence","2015","New Jersey",950,7544822,12.5914170009577,1
"AIDS deaths","2012","Colorado",87,4285239,2.03022515196935,0
"Linkage to HIV care","2010","Delaware",106,134,79104.4776119403,1
"Linkage to HIV care","2012","Hawaii",63,81,77777.7777777778,1
"HIV diagnoses","2015","Vermont",13,540864,2.40356170867353,1
"AIDS diagnoses","2013","West Virginia",48,1579728,3.03849776670414,1
"HIV diagnoses","2012","New Hampshire",47,1131406,4.15412327670173,1
"AIDS diagnoses","2012","Arkansas",130,2436315,5.33592741496892,1
"HIV diagnoses","2014","Arizona",742,5544351,13.3829910840782,1
"Linkage to HIV care","2012","Indiana",314,504,62301.5873015873,1
"AIDS diagnoses","2016","Montana",15,873851,1.71653977623187,1
"Estimated HIV incidence","2012","Nebraska",80,1515530,5.27868138538993,1
"AIDS diagnoses","2011","Pennsylvania",873,10799518,8.08369410560731,1
"HIV deaths","2014","Kentucky",118,3682942,3.20396031216348,0
"AIDS diagnoses","2011","Idaho",21,1270172,1.6533193929641,1
"Estimated HIV incidence","2013","Ohio",960,9689226,9.90791214901995,1
"HIV diagnoses","2013","Missouri",467,5039740,9.26635104191883,1
"AIDS diagnoses","2015","Massachusetts",282,5821324,4.84425879748318,1
"Linkage to HIV care","2016","North Dakota",41,46,89130.4347826087,1
"AIDS diagnoses","2012","Washington",264,5745374,4.59500112612338,1
"HIV diagnoses","2016","Montana",21,873851,2.40315568672462,1
"Estimated HIV incidence","2011","Nebraska",70,1504195,4.65365195337041,1
"Linkage to HIV care","2015","Maine",42,44,95454.5454545455,1
"HIV viral suppression","2012","West Virginia",806,1796,44877.5055679287,1
"AIDS diagnoses","2011","Virginia",544,6769424,8.03613424125893,1
"AIDS deaths","2010","Rhode Island",33,897864,3.67538959129668,0
"HIV deaths","2015","North Dakota",8,624331,1.28137158013938,0
"HIV deaths","2013","Delaware",73,778908,9.3720952923837,0
"AIDS prevalence","2012","Alaska",374,593212,63.0466005407847,1
"HIV diagnoses","2010","Connecticut",394,3014706,13.0692677826627,1
"HIV diagnoses","2010","Wyoming",19,465005,4.08597757013365,1
"HIV diagnoses","2011","New Hampshire",39,1125165,3.46615829678314,1
"Linkage to HIV care","2011","Hawaii",57,72,79166.6666666667,1
"AIDS deaths","2014","Colorado",123,4440457,2.76998516143721,0
"Estimated HIV incidence","2011","Oklahoma",270,3102257,8.70334082572785,1
"Estimated HIV incidence","2012","South Carolina",680,3940769,17.2555153575355,1
"HIV diagnoses","2014","Kentucky",343,3682942,9.31320667010233,1
"HIV diagnoses","2010","Kentucky",335,3610626,9.27816949193852,1
"HIV diagnoses","2010","West Virginia",74,1578906,4.68678946055053,1
"AIDS diagnoses","2014","Maine",20,1148612,1.74123202613241,1
"Estimated HIV incidence","2010","Maine",60,1137614,5.27419669589158,1
"AIDS deaths","2016","Wyoming",4,483174,0.82785911493582,0
"Estimated HIV incidence","2016","Oklahoma",250,3223860,7.75467917341324,1
"AIDS deaths","2010","Wisconsin",74,4739026,1.5615023002617,0
"AIDS diagnoses","2011","Indiana",315,5370993,5.86483728427872,1
"AIDS diagnoses","2013","North Dakota",12,601826,1.99393180088597,1
"Estimated HIV incidence","2014","Mississippi",350,2465317,14.1969572270016,1
"AIDS deaths","2013","South Dakota",4,689329,0.580274440796775,0
"HIV diagnoses","2014","New Mexico",133,1721424,7.72616159644573,1
"HIV diagnoses","2011","Colorado",364,4216635,8.63247589606404,1
"HIV deaths","2010","Michigan",316,8246806,3.83178651225699,0
"Estimated HIV incidence","2016","Connecticut",260,3069474,8.47050667313031,1
"AIDS deaths","2013","Wyoming",6,481200,1.24688279301746,0
"Linkage to HIV care","2013","Virginia",723,1010,71584.1584158416,1
"HIV diagnoses","2010","Hawaii",106,1143965,9.26601775403968,1
"AIDS deaths","2012","Hawaii",44,1167381,3.76912079261184,0
"AIDS deaths","2012","South Carolina",266,3940769,6.74995159574185,0
"Linkage to HIV care","2016","Indiana",331,483,68530.0207039337,1
"AIDS prevalence","2010","North Dakota",100,565669,17.6781828242311,1
"Estimated HIV incidence","2016","Arizona",790,5739578,13.7640781256044,1
"Linkage to HIV care","2015","Massachusetts",548,618,88673.1391585761,1
"HIV diagnoses","2011","West Virginia",88,1580445,5.56805203597721,1
"Estimated HIV incidence","2016","Kentucky",290,3710170,7.8163534285491,1
"AIDS diagnoses","2014","Illinois",728,10755437,6.76866965052187,1
"Estimated HIV prevalence (undiagnosed and diagnosed)","2013","Vermont",690,540748,127.601026725943,1
"AIDS diagnoses","2013","Arizona",354,5453802,6.49088470758564,1
"Linkage to HIV care","2011","Michigan",519,794,65365.2392947103,1
"AIDS deaths","2016","Kentucky",91,3710170,2.45271779999299,0
"HIV diagnoses","2014","North Dakota",22,612861,3.58972099709396,1
"Linkage to HIV care","2014","Indiana",311,459,67755.9912854031,1
"HIV prevalence","2015","Montana",569,864884,65.7891694146267,1
"Linkage to HIV care","2015","Connecticut",239,280,85357.1428571429,1
"Receipt of HIV medical care","2015","New Hampshire",920,1194,77051.9262981575,1
"AIDS deaths","2014","North Dakota",6,612861,0.979014817389261,0
"AIDS deaths","2010","Idaho",12,1257002,0.954652419009675,0
"HIV prevalence","2011","Vermont",499,538672,92.6352214334512,1
"Receipt of HIV medical care","2013","Alaska",524,644,81366.4596273292,1
"Linkage to HIV care","2014","Alabama",453,674,67210.6824925816,1
"HIV diagnoses","2014","Montana",14,857479,1.63269304554397,1
"HIV diagnoses","2010","South Carolina",769,3857589,19.9347312531221,1
"HIV deaths","2012","Iowa",42,2552221,1.64562551597217,0
"AIDS prevalence","2015","South Dakota",226,697830,32.3861112305289,1
"HIV diagnoses","2012","Washington",499,5745374,8.68524834066503,1
"HIV deaths","2012","Nebraska",32,1515530,2.11147255415597,0
"AIDS deaths","2016","Virginia",241,7071402,3.40809361425075,0
"AIDS deaths","2010","New Jersey",652,7348900,8.87207609302072,0
"Linkage to HIV care","2016","Maryland",886,1087,81508.739650414,1
"Linkage to HIV care","2015","Tennessee",428,727,58872.0770288858,1
"HIV deaths","2015","Arkansas",110,2468513,4.45612399043473,0
"AIDS prevalence","2013","South Dakota",197,689329,28.5785162092412,1
"AIDS diagnoses","2015","New Hampshire",15,1148686,1.30583989010051,1
"Estimated HIV incidence","2012","Minnesota",310,4454768,6.95883601570273,1
"Estimated HIV incidence","2011","Connecticut",290,3033085,9.56122231984926,1
"HIV viral suppression","2010","Nebraska",894,1669,53565.0089874176,1
"HIV diagnoses","2011","Wisconsin",245,4759707,5.14737566829219,1
"AIDS prevalence","2013","Alaska",365,599340,60.9003236893917,1
"HIV diagnoses","2010","Nebraska",115,1494417,7.69530860529558,1
"HIV deaths","2014","West Virginia",37,1576483,2.34699644715484,0
"HIV diagnoses","2015","Virginia",958,7024377,13.638220158172,1
"Estimated HIV incidence","2016","Ohio",850,9768633,8.70131982642812,1
"AIDS diagnoses","2010","South Dakota",15,668096,2.24518632052879,1
"AIDS deaths","2013","Vermont",7,540748,1.29450316968348,0
"HIV diagnoses","2011","Washington",481,5677833,8.47154187169647,1
"Estimated HIV prevalence (undiagnosed and diagnosed)","2014","Alaska",790,600037,131.65854772289,1
"HIV diagnoses","2014","Colorado",377,4440457,8.49011712082788,1
"HIV deaths","2014","Idaho",21,1320052,1.59084642120159,0
"HIV diagnoses","2016","Kentucky",334,3710170,9.00228291425999,1
"AIDS prevalence","2014","Idaho",516,1320052,39.0893692066676,1
"Estimated HIV incidence","2011","Nevada",410,2242001,18.2872353758986,1
"HIV diagnoses","2011","South Carolina",741,3895056,19.0241167264347,1
"HIV deaths","2015","South Carolina",292,4109574,7.10535933894851,0
"Diagnosed infection among persons living with HIV infection","2012","South Dakota",400,520,76923.0769230769,1
"AIDS deaths","2015","West Virginia",28,1570163,1.78325435002608,0
"HIV deaths","2016","Maine",22,1152447,1.90898149763069,0
"AIDS diagnoses","2013","Missouri",264,5039740,5.23836547123463,1
"Receipt of HIV medical care","2014","New Hampshire",943,1176,80187.074829932,1
"HIV deaths","2012","Arizona",214,5378403,3.97887625750618,0
"Receipt of HIV medical care","2013","Wyoming",199,250,79600,1
"AIDS prevalence","2013","Maine",727,1145551,63.4629099882938,1
"HIV diagnoses","2011","Utah",107,2155085,4.96500138045599,1
"HIV deaths","2010","North Carolina",586,7922882,7.39629846815843,0
"AIDS diagnoses","2013","Utah",48,2234986,2.14766445964315,1
"AIDS deaths","2011","Montana",7,836747,0.836573062108379,0
"HIV diagnoses","2012","Arkansas",250,2436315,10.2613988749402,1
"AIDS diagnoses","2014","Delaware",75,788729,9.508969493958,1
"AIDS deaths","2013","Michigan",229,8326436,2.75027634872832,0
"HIV prevalence","2012","Montana",489,843142,57.9973480149251,1
"AIDS diagnoses","2011","Kansas",92,2339870,3.931842367311,1
"AIDS deaths","2010","Kansas",40,2329313,1.71724452660505,0
"Linkage to HIV care","2012","South Carolina",576,711,81012.6582278481,1
"HIV diagnoses","2014","Wisconsin",218,4825721,4.51745967079323,1
"AIDS diagnoses","2010","Connecticut",295,3014706,9.78536547179062,1
"AIDS deaths","2016","Connecticut",159,3069474,5.18004061933738,0
"AIDS diagnoses","2016","North Carolina",598,8520819,7.01810471505145,1
"AIDS diagnoses","2011","Iowa",71,2541088,2.79407875681598,1
"AIDS deaths","2016","Minnesota",56,4592132,1.21947714046547,0
"Linkage to HIV care","2014","Mississippi",418,482,86721.9917012448,1
"HIV diagnoses","2014","Virginia",904,6974763,12.9610138724427,1
"HIV deaths","2010","Missouri",211,4976853,4.23962692890467,0
"HIV diagnoses","2010","Missouri",572,4976853,11.4932066508695,1
"Estimated HIV incidence","2010","Mississippi",410,2429081,16.8788113694027,1
"Estimated HIV incidence","2014","Connecticut",270,3067003,8.80338232469939,1
"AIDS deaths","2010","Mississippi",157,2429081,6.46334971950297,0
"HIV deaths","2012","South Dakota",10,681573,1.46719426972606,0
"HIV deaths","2014","Alabama",276,4056640,6.80366017196498,0
"Diagnosed infection among persons living with HIV infection","2013","Montana",525,660,79545.4545454545,1
"HIV deaths","2011","New Hampshire",14,1125165,1.24426195269138,0
"Estimated HIV incidence","2011","New Hampshire",50,1125165,4.44379268818351,1
"Estimated HIV incidence","2012","Rhode Island",80,900877,8.88023559265027,1
"AIDS deaths","2012","Iowa",35,2552221,1.37135459664347,0
"HIV deaths","2011","New Jersey",770,7394876,10.4126154380412,0
"HIV deaths","2013","Ohio",312,9689226,3.22007144843148,0
"AIDS prevalence","2011","Nebraska",979,1504195,65.0846466049947,1
"HIV deaths","2011","Montana",8,836747,0.956083499552433,0
"AIDS diagnoses","2015","Maine",24,1149025,2.08872739931681,1
"HIV diagnoses","2015","Massachusetts",598,5821324,10.2725771662941,1
"HIV diagnoses","2015","Nebraska",79,1549530,5.09832013578311,1
"Estimated HIV prevalence (undiagnosed and diagnosed)","2012","North Dakota",380,585655,64.8846163697057,1
"AIDS diagnoses","2012","New Mexico",85,1712399,4.96379640492666,1
"Estimated HIV incidence","2014","Michigan",780,8356633,9.33390278117993,1
"Estimated HIV incidence","2014","Oregon",230,3346077,6.87372107695071,1
"AIDS deaths","2014","Delaware",72,788729,9.12861071419968,0
"AIDS prevalence","2010","New Hampshire",607,1120155,54.1889292106896,1
"AIDS deaths","2013","Nevada",119,2312316,5.14635542892926,0
"Estimated HIV incidence","2010","Utah",90,2119512,4.24626045995493,1
"AIDS diagnoses","2011","Missouri",317,4996408,6.34455793041721,1
"HIV deaths","2015","Colorado",123,4534027,2.71282019273374,0
"AIDS diagnoses","2013","Colorado",182,4361864,4.17252807515319,1
"AIDS deaths","2014","Maryland",485,5005217,9.68988956922347,0
"AIDS diagnoses","2014","Maryland",639,5005217,12.7666792468738,1
"HIV diagnoses","2013","West Virginia",72,1579728,4.55774665005621,1
"AIDS diagnoses","2014","Virginia",404,6974763,5.79231150936598,1
"Estimated HIV incidence","2014","Nebraska",90,1539045,5.84778222858981,1
"Linkage to HIV care","2011","Indiana",303,485,62474.2268041237,1
"AIDS diagnoses","2012","Missouri",311,5015443,6.20084806067978,1
"AIDS deaths","2012","Arkansas",73,2436315,2.99632847148255,0
"HIV deaths","2016","Nebraska",28,1562254,1.79228217690593,0
"HIV prevalence","2010","Idaho",880,1257002,70.0078440607095,1
"HIV diagnoses","2011","New Mexico",137,1703445,8.04252558785285,1
"HIV deaths","2015","Massachusetts",300,5821324,5.15346680583317,0
"HIV deaths","2016","Wisconsin",81,4858246,1.66726839274915,0
"Estimated HIV incidence","2012","Iowa",130,2552221,5.0936027875329,1
"Estimated HIV incidence","2011","Minnesota",290,4422739,6.55702269566438,1
"Estimated HIV incidence","2011","Iowa",110,2541088,4.32885441196842,1
"AIDS diagnoses","2010","Washington",305,5606748,5.43987352383235,1
"Estimated HIV prevalence (undiagnosed and diagnosed)","2016","Wyoming",360,483174,74.5073203442238,1
"AIDS deaths","2011","Idaho",12,1270172,0.94475393883663,0
"HIV deaths","2014","Indiana",177,5466855,3.23769333556496,0
"Linkage to HIV care","2011","Minnesota",216,302,71523.178807947,1
"AIDS deaths","2016","Washington",134,6099325,2.19696441819382,0
"AIDS diagnoses","2014","Vermont",8,541223,1.47813378219329,1
"AIDS diagnoses","2015","Minnesota",149,4554270,3.27165495238534,1
"HIV deaths","2014","Iowa",54,2582097,2.09132344756994,0
"HIV deaths","2013","Nevada",147,2312316,6.35726258867733,0
"HIV deaths","2011","Kentucky",111,3631865,3.05628100163415,0
"Estimated HIV incidence","2012","District of Columbia",620,553514,112.011620302287,1
"HIV deaths","2012","Pennsylvania",584,10834303,5.39028675864059,0
